device_id,dim_0,dim_1,dim_2,dim_3,dim_4,dim_5,dim_6,dim_7
Comp139388,-0.16212210018692658,1.1543547351291974,0.4547759953230569,-0.9688359955815853,0.7555900225292359,-1.4549633827696835,0.5733891974027111,-0.4966457733054613
Comp460386,-0.19100583237646704,1.034169233807133,0.34589360036999456,-0.7348248307288617,0.727651434522366,-1.2852640663391377,0.6756812184726185,-0.4931539625048599
Comp475505,-0.4376739699864828,0.8086938237207625,0.5577645138944453,-0.5272090727807321,0.3979982562637094,-1.557627460225704,0.7436901356407605,-0.40166023052756317
Comp730289,-0.4661563466199453,1.3320982496199865,0.6261167875957381,-0.47486701016594635,0.6529890205299129,-1.6587355148769054,0.7150608964042103,-0.29505352320765477
Comp964438,-0.23293037960254745,0.8323968974747191,0.5866643336802105,-0.7179021543703272,0.34243211526775413,-1.4020221939259176,0.18694302729588913,-0.5448713123835094
Comp049400,0.7832535331280044,0.5948554929093935,-0.35911532169225774,0.6288331409650275,0.1944290610411711,-0.5538169831449956,2.1030287702660906,0.7145724995621172
Comp075985,0.3689614736078123,0.3830356814186483,-0.871405090462536,0.4688770890392316,0.3137450949421971,-0.5330540404081083,2.090492712281593,1.015851888191126
Comp339417,0.552679586600883,0.5748533438920479,-1.0288916315529324,0.5322147330346013,0.10418623703904908,-0.7788156809430608,2.1577061593166635,0.6592587746593839
Comp617353,0.8474279904124953,0.6966048045103178,-0.6866939212684019,0.4834598585648958,0.1945680376593523,-0.7716905661383476,1.9905746121071777,0.6532099306287508
Comp857132,0.6177737233875853,0.3222519233882529,-0.675056351204814,0.25342460445602344,0.4143342218776816,-0.5028479935663153,1.8506251972400012,1.022560657782035
Comp193128,-0.9522264722605575,-0.8845280816269918,0.09299728154848405,0.3525884234242519,-0.9683640474331019,1.1475266779571964,-0.0919445329501996,-0.8391914172478026
Comp289382,-1.293991058040755,-0.9373878728017564,0.45494407788315183,0.20628391688055503,-0.645784945384914,1.1542780035248925,0.0637335510409601,-0.9083837315214651
Comp479002,-1.2946415590732663,-1.073441673994426,0.45324652466527,0.4682384992094313,-0.7324836304382168,1.3407696976354502,0.24530288643802445,-0.7652289520540805
Comp797582,-1.498269044082231,-1.0005488876652873,0.5060307769543628,0.35800529650717916,-0.742159223384191,1.1625408215769328,0.13860097031020396,-0.9181178473799315
Comp909833,-1.055600779289309,-1.0022556437972931,0.3155030271017499,0.3839416718130906,-0.5439891837440091,1.1926992951954254,0.16395328034964868,-0.9044810642640083
Comp356260,-0.5553323890036488,-0.17944133121206413,-1.472300568862362,-0.7789574130967861,-1.8236006234726831,-0.33249731848000635,0.42833113806747414,-1.3056143119730534
Comp358286,-0.1375663655907075,-0.21351628106683795,-1.5593370568792921,-0.6244610353696489,-1.7926833294237223,-0.256041031980719,0.43984281968041694,-1.163675344927505
Comp477471,-0.16825604377249462,-0.1878988751511488,-1.3963230038937948,-0.6866198166316394,-2.2197253284649094,-0.0923231030853702,0.40225773142533827,-1.2215739321177006
Comp782272,-0.3069195938180822,-0.21436989096874307,-1.607460821111938,-0.8895474595719077,-1.8807986648727573,-0.361705221196889,0.5037748945809672,-1.3004828821324517
Comp805738,-0.3597145885094623,-0.20957999561714896,-1.507938534971447,-0.95627454227138,-1.7830363573493369,-0.1730804790664206,0.8468861195000033,-1.4762849618268543
Comp030334,0.4344920732869877,-1.1434072439191278,-0.45751637884950846,-0.6106755015821674,-1.361908321011778,-0.4721223030352313,-1.0050294968489366,0.4813452309700251
Comp073202,0.3581857719253162,-0.9767229612477775,-0.10582698374369905,-0.48318186509676014,-1.4395045829385953,-0.6576562181870684,-1.2809392917234546,0.177957096349503
Comp141988,0.17410123688035606,-1.2541242858837356,-0.014809692392539653,-0.4485893074630355,-1.1725095166244681,-0.6030251550875838,-1.293391380328895,0.288742339876235
Comp623258,0.210718167315753,-1.1577849370779805,-0.18554603555490956,-0.5619902305788044,-1.1888841689942988,-0.5542784337695775,-1.1862613557161943,0.15113515110963788
Comp986218,0.17110979861233164,-1.3090461456648792,-0.31254658335577545,-0.3333265716095072,-1.3450753218095282,-0.5012064406824078,-1.1279118002940132,0.4991121851759912
Comp050976,0.009421225072075483,1.1111647090420953,-1.4431700444446567,1.3513990515175585,-0.12499073095955099,0.5347232929491401,-0.05190249740451591,1.3700179416003353
Comp160826,0.20907610084039924,1.3034553938407702,-1.6997055239575636,1.23039952923761,0.10202463767933237,0.4132568870028746,-0.14980694700798203,1.6498356159947813
Comp650122,0.09299922989896348,1.069639556150337,-1.640892268476194,0.9795925462251873,-0.18917951802566887,0.4943374324430166,-0.3796664462360645,1.4181146697690186
Comp939275,-0.08653092781075186,1.3809084266271228,-1.2159496997345545,1.1560335026649187,0.03746586476990155,0.49998578342875266,-0.3305793160961338,1.445681826909043
Comp951178,0.11294965117349678,1.2149384959294867,-1.7779635825274887,0.9462513687706662,-0.09063767240112611,0.1861260582628405,-0.10530278854126589,1.6358845655905494
Comp275646,-0.1862944870583131,0.8212096128922881,0.37455932901050754,-0.5028981525016193,0.5339347894957351,-1.4509723418732297,0.4839924287765791,-0.5734989107623518
Comp281064,-0.5632858757287244,0.987948868066554,0.6371311980799301,-0.4551128118174553,0.5706625351673529,-1.47823896084644,0.42556076658544084,-0.42202156114627704
Comp343771,-0.34205698048080063,1.1457305713080783,0.40702487687280664,-0.725184112103332,0.7750941743262932,-1.6443653483864356,0.5546095082938797,-0.4043293720230212
Comp387111,-0.47540550947690496,0.5713209056525792,0.24946173405424368,-0.35388907020822596,0.6066212905748531,-1.6432312905645485,0.5060948104877743,-0.3686566145633776
Comp885434,-0.45309645789605446,0.8152570641479845,0.6716704703503051,-0.6172173195544237,0.7780916011545724,-1.6881919342711873,0.7952326214801866,-0.5432246289603507
Comp324928,0.8586727916323869,0.6093824771815066,-0.7733651966002316,0.5481459686193302,0.3417188338128564,-0.21391073784003622,2.1298627886464305,1.0066684290313572
Comp440680,0.7457729465517452,0.1579676756306635,-0.9577208495330114,0.7551333798317577,0.37373795550219574,-0.7399845652864466,2.089190779443771,0.8339857461281545
Comp488362,0.9682616002911797,0.3519775710219641,-0.8565271927784749,0.5755048669330111,0.5099231258234292,-0.6305894590637512,2.111846189251574,0.7901135078436629
Comp670161,0.6207922034368153,0.41360678928259337,-0.8233706184549782,0.666069578638647,0.27863364137029467,-0.4837475331218364,1.7649746860905042,0.47787918061229295
Comp792259,1.0377470615685385,0.25966602344481227,-0.6320611827078222,0.5551743984022799,0.4859684770681141,-0.28993700691369545,2.0353550047249187,0.925497250723434
Comp237391,-1.2319396908243796,-0.8928256264539486,0.12061313388516468,0.5298180773336727,-0.7125589000533975,1.0721822624561286,0.0790715619037381,-0.875414834776828
Comp327612,-0.9808580943959309,-1.21104792806693,0.1899916570310548,0.4194106179402386,-0.800549610579406,1.2166862524380877,0.17843479885202304,-0.9954166437288252
Comp444929,-1.1267021212372077,-1.22753191197588,0.1062927686495104,0.33433431430220223,-0.8533379874400586,1.0834763739707312,-0.04465830045415646,-0.8541317484636635
Comp511892,-1.2226522275365492,-0.9846577676161692,0.4065952361208004,0.5936744966835019,-0.7752239961781789,1.4024149717270802,0.053439868993292804,-1.0123651066584383
Comp616737,-1.125158053630597,-1.0348455006547586,0.5676062078103816,0.17285288206526592,-0.6712642183860091,1.3356252718976926,0.18246713565756462,-0.5733099531335184
Comp028449,-0.5229257668495122,-0.16103673027420834,-1.5214316132512236,-0.6075918787749641,-2.019686873508615,-0.526536863292582,0.56772838150806,-1.2249390726896559
Comp219500,-0.4488582045576781,-0.2651813862112028,-1.5917175659771126,-0.7644762235448659,-1.6665371558908841,-0.35721405157010044,0.45478500015643997,-1.2038478722896166
Comp294789,-0.4820550034127687,0.10192207425873542,-1.5656663590533033,-0.7430115322089068,-1.9463221893195228,-0.2232746669313007,0.542859546001656,-1.365702287071557
Comp352127,-0.3367088956316227,-0.18528011914958903,-1.4371462509485573,-0.834140593996852,-1.6922993047101258,-0.27670518391086607,0.5378961660563883,-1.12694623316254
Comp913484,-0.39656222932108237,-0.232801695637801,-1.6404257576643126,-0.7412352577367605,-1.9880571327785506,-0.545336795825499,0.5510318561242515,-1.378136679911239
Comp044772,0.24804984805970712,-1.1287883783010615,0.10876387535898993,-0.47878843738703447,-1.275469052180131,-0.7364104044084117,-1.3426064586697959,0.11128340594851652
Comp296454,0.08815027905274223,-1.2497685609332327,-0.05022286957976227,-0.5166070291418312,-1.211066278962214,-0.612783769359099,-1.2328274338678993,0.24468820361943983
Comp383082,0.12733815231924372,-1.1098858101521223,-0.2230853192204174,-0.5547672939733381,-1.4358558468876248,-0.3568276029346329,-1.0373010157779452,0.13950934357297248
Comp866402,0.1340285023379459,-1.3420364924586232,-0.07579055257220331,-0.33796532467072066,-1.307169941272943,-0.7639034495010159,-1.3984551610081217,0.3464147667787197
Comp909741,0.3202715737091882,-1.2695917156990277,-0.3159998467632464,-0.7303559392152195,-1.205147022995054,-0.5019780013959004,-1.1134597149925545,0.1702318214019261
Comp035692,0.1456597244507323,1.0736545693604238,-1.5019009855511403,1.3827887638181813,0.13563714470396293,0.3511945980527427,0.12861150776984515,1.406991061269031
Comp370168,-0.021936261047151608,0.9164881761905451,-1.5329657377229366,1.1583759822157063,0.10941101917949153,0.6324123276702949,-0.1375846686514501,1.744533142500856
Comp726518,-0.20098304410879422,1.324986906301131,-1.5252623090416029,1.1032890331796108,-0.12447075749578701,0.3402647543703521,-0.1172887369700892,1.4600479821978811
Comp736102,0.06406021384481761,1.2229550532931044,-1.4259991062188528,1.3073969992829808,0.1874808264897107,0.1718346757536508,-0.034564785596118114,1.4336710587930435
Comp847595,0.03873394404540045,1.3722389737627647,-1.7417899419938614,1.1875537125665645,-0.12113128668138057,0.35704209641426354,-0.19137519372904915,1.431133904974859
