host_a,host_b,label,split
Comp030334,Comp049400,0,test
Comp030334,Comp075985,0,test
Comp030334,Comp139388,0,test
Comp030334,Comp160826,0,test
Comp030334,Comp193128,0,test
Comp030334,Comp289382,0,test
Comp030334,Comp339417,0,test
Comp030334,Comp356260,0,test
Comp030334,Comp358286,0,test
Comp030334,Comp460386,0,test
Comp030334,Comp475505,0,test
Comp030334,Comp617353,0,test
Comp030334,Comp650122,0,test
Comp030334,Comp730289,0,test
Comp030334,Comp782272,0,test
Comp030334,Comp797582,0,test
Comp030334,Comp805738,0,test
Comp030334,Comp857132,0,test
Comp030334,Comp909833,0,test
Comp030334,Comp964438,0,test
Comp049400,Comp050976,0,test
Comp049400,Comp073202,0,test
Comp049400,Comp139388,0,test
Comp049400,Comp141988,0,test
Comp049400,Comp160826,0,test
Comp049400,Comp193128,0,test
Comp049400,Comp289382,0,test
Comp049400,Comp356260,0,test
Comp049400,Comp358286,0,test
Comp049400,Comp460386,0,test
Comp049400,Comp475505,0,test
Comp049400,Comp477471,0,test
Comp049400,Comp479002,0,test
Comp049400,Comp623258,0,test
Comp049400,Comp650122,0,test
Comp049400,Comp730289,0,test
Comp049400,Comp782272,0,test
Comp049400,Comp797582,0,test
Comp049400,Comp805738,0,test
Comp049400,Comp909833,0,test
Comp049400,Comp939275,0,test
Comp049400,Comp951178,0,test
Comp049400,Comp986218,0,test
Comp050976,Comp073202,0,test
Comp050976,Comp075985,0,test
Comp050976,Comp141988,0,test
Comp050976,Comp193128,0,test
Comp050976,Comp289382,0,test
Comp050976,Comp475505,0,test
Comp050976,Comp477471,0,test
Comp050976,Comp617353,0,test
Comp050976,Comp730289,0,test
Comp050976,Comp782272,0,test
Comp050976,Comp797582,0,test
Comp050976,Comp805738,0,test
Comp050976,Comp857132,0,test
Comp050976,Comp909833,0,test
Comp050976,Comp964438,0,test
Comp050976,Comp986218,0,test
Comp073202,Comp075985,0,test
Comp073202,Comp139388,0,test
Comp073202,Comp160826,0,test
Comp073202,Comp193128,0,test
Comp073202,Comp289382,0,test
Comp073202,Comp339417,0,test
Comp073202,Comp358286,0,test
Comp073202,Comp460386,0,test
Comp073202,Comp475505,0,test
Comp073202,Comp479002,0,test
Comp073202,Comp617353,0,test
Comp073202,Comp650122,0,test
Comp073202,Comp730289,0,test
Comp073202,Comp782272,0,test
Comp073202,Comp797582,0,test
Comp073202,Comp805738,0,test
Comp073202,Comp857132,0,test
Comp073202,Comp909833,0,test
Comp073202,Comp951178,0,test
Comp075985,Comp139388,0,test
Comp075985,Comp141988,0,test
Comp075985,Comp160826,0,test
Comp075985,Comp289382,0,test
Comp075985,Comp356260,0,test
Comp075985,Comp460386,0,test
Comp075985,Comp475505,0,test
Comp075985,Comp623258,0,test
Comp075985,Comp650122,0,test
Comp075985,Comp730289,0,test
Comp075985,Comp782272,0,test
Comp075985,Comp797582,0,test
Comp075985,Comp909833,0,test
Comp075985,Comp939275,0,test
Comp075985,Comp951178,0,test
Comp075985,Comp964438,0,test
Comp075985,Comp986218,0,test
Comp139388,Comp141988,0,test
Comp139388,Comp160826,0,test
Comp139388,Comp289382,0,test
Comp139388,Comp339417,0,test
Comp139388,Comp356260,0,test
Comp139388,Comp358286,0,test
Comp139388,Comp477471,0,test
Comp139388,Comp479002,0,test
Comp139388,Comp617353,0,test
Comp139388,Comp623258,0,test
Comp139388,Comp782272,0,test
Comp139388,Comp797582,0,test
Comp139388,Comp857132,0,test
Comp139388,Comp909833,0,test
Comp139388,Comp939275,0,test
Comp139388,Comp951178,0,test
Comp141988,Comp160826,0,test
Comp141988,Comp193128,0,test
Comp141988,Comp289382,0,test
Comp141988,Comp339417,0,test
Comp141988,Comp356260,0,test
Comp141988,Comp460386,0,test
Comp141988,Comp475505,0,test
Comp141988,Comp477471,0,test
Comp141988,Comp479002,0,test
Comp141988,Comp617353,0,test
Comp141988,Comp650122,0,test
Comp141988,Comp730289,0,test
Comp141988,Comp782272,0,test
Comp141988,Comp797582,0,test
Comp141988,Comp805738,0,test
Comp141988,Comp857132,0,test
Comp141988,Comp909833,0,test
Comp141988,Comp951178,0,test
Comp141988,Comp964438,0,test
Comp160826,Comp193128,0,test
Comp160826,Comp289382,0,test
Comp160826,Comp339417,0,test
Comp160826,Comp475505,0,test
Comp160826,Comp477471,0,test
Comp160826,Comp623258,0,test
Comp160826,Comp730289,0,test
Comp160826,Comp782272,0,test
Comp160826,Comp797582,0,test
Comp160826,Comp805738,0,test
Comp160826,Comp857132,0,test
Comp160826,Comp909833,0,test
Comp160826,Comp964438,0,test
Comp193128,Comp356260,0,test
Comp193128,Comp358286,0,test
Comp193128,Comp460386,0,test
Comp193128,Comp617353,0,test
Comp193128,Comp623258,0,test
Comp193128,Comp650122,0,test
Comp193128,Comp730289,0,test
Comp193128,Comp782272,0,test
Comp193128,Comp805738,0,test
Comp193128,Comp939275,0,test
Comp193128,Comp951178,0,test
Comp193128,Comp964438,0,test
Comp289382,Comp356260,0,test
Comp289382,Comp358286,0,test
Comp289382,Comp460386,0,test
Comp289382,Comp475505,0,test
Comp289382,Comp477471,0,test
Comp289382,Comp617353,0,test
Comp289382,Comp650122,0,test
Comp289382,Comp730289,0,test
Comp289382,Comp782272,0,test
Comp289382,Comp805738,0,test
Comp289382,Comp857132,0,test
Comp289382,Comp939275,0,test
Comp289382,Comp951178,0,test
Comp289382,Comp964438,0,test
Comp289382,Comp986218,0,test
Comp339417,Comp475505,0,test
Comp339417,Comp479002,0,test
Comp339417,Comp623258,0,test
Comp339417,Comp650122,0,test
Comp339417,Comp730289,0,test
Comp339417,Comp782272,0,test
Comp339417,Comp797582,0,test
Comp339417,Comp805738,0,test
Comp339417,Comp909833,0,test
Comp339417,Comp939275,0,test
Comp339417,Comp951178,0,test
Comp339417,Comp964438,0,test
Comp339417,Comp986218,0,test
Comp356260,Comp460386,0,test
Comp356260,Comp475505,0,test
Comp356260,Comp617353,0,test
Comp356260,Comp623258,0,test
Comp356260,Comp650122,0,test
Comp356260,Comp730289,0,test
Comp356260,Comp909833,0,test
Comp356260,Comp939275,0,test
Comp356260,Comp951178,0,test
Comp356260,Comp964438,0,test
Comp356260,Comp986218,0,test
Comp358286,Comp460386,0,test
Comp358286,Comp475505,0,test
Comp358286,Comp479002,0,test
Comp358286,Comp617353,0,test
Comp358286,Comp730289,0,test
Comp358286,Comp857132,0,test
Comp358286,Comp939275,0,test
Comp358286,Comp951178,0,test
Comp358286,Comp986218,0,test
Comp460386,Comp477471,0,test
Comp460386,Comp479002,0,test
Comp460386,Comp617353,0,test
Comp460386,Comp623258,0,test
Comp460386,Comp650122,0,test
Comp460386,Comp797582,0,test
Comp460386,Comp805738,0,test
Comp460386,Comp857132,0,test
Comp460386,Comp909833,0,test
Comp460386,Comp939275,0,test
Comp460386,Comp951178,0,test
Comp460386,Comp986218,0,test
Comp475505,Comp477471,0,test
Comp475505,Comp479002,0,test
Comp475505,Comp617353,0,test
Comp475505,Comp623258,0,test
Comp475505,Comp650122,0,test
Comp475505,Comp782272,0,test
Comp475505,Comp805738,0,test
Comp475505,Comp857132,0,test
Comp475505,Comp909833,0,test
Comp475505,Comp939275,0,test
Comp477471,Comp479002,0,test
Comp477471,Comp617353,0,test
Comp477471,Comp623258,0,test
Comp477471,Comp650122,0,test
Comp477471,Comp730289,0,test
Comp477471,Comp909833,0,test
Comp477471,Comp951178,0,test
Comp477471,Comp964438,0,test
Comp477471,Comp986218,0,test
Comp479002,Comp617353,0,test
Comp479002,Comp623258,0,test
Comp479002,Comp650122,0,test
Comp479002,Comp730289,0,test
Comp479002,Comp782272,0,test
Comp479002,Comp805738,0,test
Comp479002,Comp939275,0,test
Comp479002,Comp951178,0,test
Comp617353,Comp650122,0,test
Comp617353,Comp730289,0,test
Comp617353,Comp782272,0,test
Comp617353,Comp797582,0,test
Comp617353,Comp909833,0,test
Comp617353,Comp939275,0,test
Comp617353,Comp964438,0,test
Comp617353,Comp986218,0,test
Comp623258,Comp650122,0,test
Comp623258,Comp782272,0,test
Comp623258,Comp797582,0,test
Comp623258,Comp805738,0,test
Comp623258,Comp857132,0,test
Comp623258,Comp909833,0,test
Comp623258,Comp939275,0,test
Comp623258,Comp951178,0,test
Comp623258,Comp964438,0,test
Comp650122,Comp730289,0,test
Comp650122,Comp782272,0,test
Comp650122,Comp797582,0,test
Comp650122,Comp805738,0,test
Comp650122,Comp857132,0,test
Comp650122,Comp909833,0,test
Comp650122,Comp964438,0,test
Comp650122,Comp986218,0,test
Comp730289,Comp782272,0,test
Comp730289,Comp797582,0,test
Comp730289,Comp805738,0,test
Comp730289,Comp857132,0,test
Comp730289,Comp909833,0,test
Comp730289,Comp951178,0,test
Comp730289,Comp986218,0,test
Comp782272,Comp857132,0,test
Comp782272,Comp909833,0,test
Comp782272,Comp939275,0,test
Comp782272,Comp951178,0,test
Comp782272,Comp964438,0,test
Comp797582,Comp805738,0,test
Comp797582,Comp857132,0,test
Comp797582,Comp964438,0,test
Comp797582,Comp986218,0,test
Comp805738,Comp857132,0,test
Comp805738,Comp909833,0,test
Comp805738,Comp939275,0,test
Comp805738,Comp951178,0,test
Comp805738,Comp986218,0,test
Comp857132,Comp909833,0,test
Comp857132,Comp939275,0,test
Comp857132,Comp951178,0,test
Comp857132,Comp964438,0,test
Comp857132,Comp986218,0,test
Comp909833,Comp939275,0,test
Comp909833,Comp951178,0,test
Comp909833,Comp964438,0,test
Comp909833,Comp986218,0,test
Comp939275,Comp964438,0,test
Comp939275,Comp986218,0,test
Comp951178,Comp964438,0,test
Comp030334,Comp073202,1,test
Comp030334,Comp141988,1,test
Comp030334,Comp623258,1,test
Comp030334,Comp986218,1,test
Comp049400,Comp075985,1,test
Comp049400,Comp339417,1,test
Comp049400,Comp617353,1,test
Comp049400,Comp857132,1,test
Comp050976,Comp160826,1,test
Comp050976,Comp650122,1,test
Comp050976,Comp939275,1,test
Comp050976,Comp951178,1,test
Comp073202,Comp141988,1,test
Comp073202,Comp623258,1,test
Comp073202,Comp986218,1,test
Comp075985,Comp339417,1,test
Comp075985,Comp617353,1,test
Comp075985,Comp857132,1,test
Comp139388,Comp460386,1,test
Comp139388,Comp475505,1,test
Comp139388,Comp730289,1,test
Comp139388,Comp964438,1,test
Comp141988,Comp623258,1,test
Comp141988,Comp986218,1,test
Comp160826,Comp650122,1,test
Comp160826,Comp939275,1,test
Comp160826,Comp951178,1,test
Comp193128,Comp289382,1,test
Comp193128,Comp479002,1,test
Comp193128,Comp797582,1,test
Comp193128,Comp909833,1,test
Comp289382,Comp479002,1,test
Comp289382,Comp797582,1,test
Comp289382,Comp909833,1,test
Comp339417,Comp617353,1,test
Comp339417,Comp857132,1,test
Comp356260,Comp358286,1,test
Comp356260,Comp477471,1,test
Comp356260,Comp782272,1,test
Comp356260,Comp805738,1,test
Comp358286,Comp477471,1,test
Comp358286,Comp782272,1,test
Comp358286,Comp805738,1,test
Comp460386,Comp475505,1,test
Comp460386,Comp730289,1,test
Comp460386,Comp964438,1,test
Comp475505,Comp730289,1,test
Comp475505,Comp964438,1,test
Comp477471,Comp782272,1,test
Comp477471,Comp805738,1,test
Comp479002,Comp797582,1,test
Comp479002,Comp909833,1,test
Comp617353,Comp857132,1,test
Comp623258,Comp986218,1,test
Comp650122,Comp939275,1,test
Comp650122,Comp951178,1,test
Comp730289,Comp964438,1,test
Comp782272,Comp805738,1,test
Comp797582,Comp909833,1,test
Comp939275,Comp951178,1,test
Comp028449,Comp035692,0,train
Comp028449,Comp044772,0,train
Comp028449,Comp275646,0,train
Comp028449,Comp281064,0,train
Comp028449,Comp296454,0,train
Comp028449,Comp324928,0,train
Comp028449,Comp343771,0,train
Comp028449,Comp440680,0,train
Comp028449,Comp444929,0,train
Comp028449,Comp488362,0,train
Comp028449,Comp511892,0,train
Comp028449,Comp616737,0,train
Comp028449,Comp670161,0,train
Comp028449,Comp726518,0,train
Comp028449,Comp736102,0,train
Comp028449,Comp792259,0,train
Comp028449,Comp847595,0,train
Comp028449,Comp885434,0,train
Comp028449,Comp909741,0,train
Comp035692,Comp044772,0,train
Comp035692,Comp219500,0,train
Comp035692,Comp237391,0,train
Comp035692,Comp275646,0,train
Comp035692,Comp294789,0,train
Comp035692,Comp296454,0,train
Comp035692,Comp324928,0,train
Comp035692,Comp327612,0,train
Comp035692,Comp343771,0,train
Comp035692,Comp352127,0,train
Comp035692,Comp383082,0,train
Comp035692,Comp387111,0,train
Comp035692,Comp440680,0,train
Comp035692,Comp444929,0,train
Comp035692,Comp488362,0,train
Comp035692,Comp511892,0,train
Comp035692,Comp670161,0,train
Comp035692,Comp792259,0,train
Comp035692,Comp866402,0,train
Comp035692,Comp885434,0,train
Comp035692,Comp909741,0,train
Comp044772,Comp219500,0,train
Comp044772,Comp237391,0,train
Comp044772,Comp275646,0,train
Comp044772,Comp281064,0,train
Comp044772,Comp294789,0,train
Comp044772,Comp324928,0,train
Comp044772,Comp327612,0,train
Comp044772,Comp352127,0,train
Comp044772,Comp370168,0,train
Comp044772,Comp444929,0,train
Comp044772,Comp488362,0,train
Comp044772,Comp511892,0,train
Comp044772,Comp616737,0,train
Comp044772,Comp670161,0,train
Comp044772,Comp726518,0,train
Comp044772,Comp736102,0,train
Comp044772,Comp792259,0,train
Comp044772,Comp847595,0,train
Comp044772,Comp885434,0,train
Comp044772,Comp913484,0,train
Comp219500,Comp237391,0,train
Comp219500,Comp275646,0,train
Comp219500,Comp281064,0,train
Comp219500,Comp296454,0,train
Comp219500,Comp324928,0,train
Comp219500,Comp327612,0,train
Comp219500,Comp343771,0,train
Comp219500,Comp370168,0,train
Comp219500,Comp383082,0,train
Comp219500,Comp387111,0,train
Comp219500,Comp440680,0,train
Comp219500,Comp444929,0,train
Comp219500,Comp488362,0,train
Comp219500,Comp511892,0,train
Comp219500,Comp616737,0,train
Comp219500,Comp670161,0,train
Comp219500,Comp726518,0,train
Comp219500,Comp736102,0,train
Comp219500,Comp866402,0,train
Comp219500,Comp885434,0,train
Comp219500,Comp909741,0,train
Comp237391,Comp275646,0,train
Comp237391,Comp281064,0,train
Comp237391,Comp294789,0,train
Comp237391,Comp296454,0,train
Comp237391,Comp343771,0,train
Comp237391,Comp352127,0,train
Comp237391,Comp370168,0,train
Comp237391,Comp383082,0,train
Comp237391,Comp387111,0,train
Comp237391,Comp440680,0,train
Comp237391,Comp488362,0,train
Comp237391,Comp726518,0,train
Comp237391,Comp736102,0,train
Comp237391,Comp792259,0,train
Comp237391,Comp847595,0,train
Comp237391,Comp866402,0,train
Comp237391,Comp885434,0,train
Comp237391,Comp909741,0,train
Comp237391,Comp913484,0,train
Comp275646,Comp294789,0,train
Comp275646,Comp296454,0,train
Comp275646,Comp324928,0,train
Comp275646,Comp327612,0,train
Comp275646,Comp352127,0,train
Comp275646,Comp370168,0,train
Comp275646,Comp383082,0,train
Comp275646,Comp440680,0,train
Comp275646,Comp444929,0,train
Comp275646,Comp488362,0,train
Comp275646,Comp511892,0,train
Comp275646,Comp616737,0,train
Comp275646,Comp670161,0,train
Comp275646,Comp726518,0,train
Comp275646,Comp736102,0,train
Comp275646,Comp792259,0,train
Comp275646,Comp847595,0,train
Comp275646,Comp866402,0,train
Comp275646,Comp909741,0,train
Comp275646,Comp913484,0,train
Comp281064,Comp294789,0,train
Comp281064,Comp324928,0,train
Comp281064,Comp327612,0,train
Comp281064,Comp370168,0,train
Comp281064,Comp383082,0,train
Comp281064,Comp440680,0,train
Comp281064,Comp444929,0,train
Comp281064,Comp488362,0,train
Comp281064,Comp616737,0,train
Comp281064,Comp792259,0,train
Comp281064,Comp909741,0,train
Comp294789,Comp296454,0,train
Comp294789,Comp324928,0,train
Comp294789,Comp327612,0,train
Comp294789,Comp343771,0,train
Comp294789,Comp370168,0,train
Comp294789,Comp383082,0,train
Comp294789,Comp387111,0,train
Comp294789,Comp440680,0,train
Comp294789,Comp444929,0,train
Comp294789,Comp488362,0,train
Comp294789,Comp511892,0,train
Comp294789,Comp670161,0,train
Comp294789,Comp726518,0,train
Comp294789,Comp736102,0,train
Comp294789,Comp792259,0,train
Comp294789,Comp847595,0,train
Comp294789,Comp885434,0,train
Comp294789,Comp909741,0,train
Comp296454,Comp324928,0,train
Comp296454,Comp327612,0,train
Comp296454,Comp352127,0,train
Comp296454,Comp370168,0,train
Comp296454,Comp387111,0,train
Comp296454,Comp440680,0,train
Comp296454,Comp444929,0,train
Comp296454,Comp488362,0,train
Comp296454,Comp511892,0,train
Comp296454,Comp616737,0,train
Comp296454,Comp670161,0,train
Comp296454,Comp736102,0,train
Comp296454,Comp792259,0,train
Comp296454,Comp913484,0,train
Comp324928,Comp327612,0,train
Comp324928,Comp343771,0,train
Comp324928,Comp352127,0,train
Comp324928,Comp370168,0,train
Comp324928,Comp383082,0,train
Comp324928,Comp444929,0,train
Comp324928,Comp726518,0,train
Comp324928,Comp847595,0,train
Comp324928,Comp866402,0,train
Comp324928,Comp885434,0,train
Comp324928,Comp909741,0,train
Comp324928,Comp913484,0,train
Comp327612,Comp352127,0,train
Comp327612,Comp370168,0,train
Comp327612,Comp383082,0,train
Comp327612,Comp440680,0,train
Comp327612,Comp488362,0,train
Comp327612,Comp670161,0,train
Comp327612,Comp736102,0,train
Comp327612,Comp792259,0,train
Comp327612,Comp866402,0,train
Comp327612,Comp885434,0,train
Comp327612,Comp909741,0,train
Comp343771,Comp352127,0,train
Comp343771,Comp370168,0,train
Comp343771,Comp383082,0,train
Comp343771,Comp440680,0,train
Comp343771,Comp488362,0,train
Comp343771,Comp511892,0,train
Comp343771,Comp616737,0,train
Comp343771,Comp670161,0,train
Comp343771,Comp726518,0,train
Comp343771,Comp792259,0,train
Comp343771,Comp847595,0,train
Comp343771,Comp866402,0,train
Comp343771,Comp909741,0,train
Comp343771,Comp913484,0,train
Comp352127,Comp370168,0,train
Comp352127,Comp383082,0,train
Comp352127,Comp387111,0,train
Comp352127,Comp440680,0,train
Comp352127,Comp444929,0,train
Comp352127,Comp511892,0,train
Comp352127,Comp616737,0,train
Comp352127,Comp670161,0,train
Comp352127,Comp736102,0,train
Comp352127,Comp847595,0,train
Comp352127,Comp866402,0,train
Comp352127,Comp885434,0,train
Comp352127,Comp909741,0,train
Comp370168,Comp387111,0,train
Comp370168,Comp444929,0,train
Comp370168,Comp488362,0,train
Comp370168,Comp511892,0,train
Comp370168,Comp792259,0,train
Comp370168,Comp885434,0,train
Comp370168,Comp909741,0,train
Comp370168,Comp913484,0,train
Comp383082,Comp440680,0,train
Comp383082,Comp444929,0,train
Comp383082,Comp511892,0,train
Comp383082,Comp616737,0,train
Comp383082,Comp670161,0,train
Comp383082,Comp726518,0,train
Comp383082,Comp736102,0,train
Comp383082,Comp792259,0,train
Comp383082,Comp885434,0,train
Comp383082,Comp913484,0,train
Comp387111,Comp444929,0,train
Comp387111,Comp488362,0,train
Comp387111,Comp511892,0,train
Comp387111,Comp616737,0,train
Comp387111,Comp670161,0,train
Comp387111,Comp726518,0,train
Comp387111,Comp736102,0,train
Comp387111,Comp792259,0,train
Comp387111,Comp847595,0,train
Comp387111,Comp866402,0,train
Comp440680,Comp444929,0,train
Comp440680,Comp511892,0,train
Comp440680,Comp726518,0,train
Comp440680,Comp736102,0,train
Comp440680,Comp847595,0,train
Comp440680,Comp866402,0,train
Comp440680,Comp885434,0,train
Comp440680,Comp913484,0,train
Comp444929,Comp488362,0,train
Comp444929,Comp670161,0,train
Comp444929,Comp726518,0,train
Comp444929,Comp736102,0,train
Comp444929,Comp847595,0,train
Comp444929,Comp866402,0,train
Comp444929,Comp885434,0,train
Comp444929,Comp909741,0,train
Comp488362,Comp511892,0,train
Comp488362,Comp726518,0,train
Comp488362,Comp736102,0,train
Comp488362,Comp866402,0,train
Comp488362,Comp909741,0,train
Comp488362,Comp913484,0,train
Comp511892,Comp670161,0,train
Comp511892,Comp726518,0,train
Comp511892,Comp736102,0,train
Comp511892,Comp792259,0,train
Comp511892,Comp847595,0,train
Comp511892,Comp885434,0,train
Comp511892,Comp909741,0,train
Comp511892,Comp913484,0,train
Comp616737,Comp726518,0,train
Comp616737,Comp792259,0,train
Comp616737,Comp847595,0,train
Comp616737,Comp885434,0,train
Comp616737,Comp909741,0,train
Comp670161,Comp726518,0,train
Comp670161,Comp736102,0,train
Comp670161,Comp847595,0,train
Comp670161,Comp866402,0,train
Comp670161,Comp885434,0,train
Comp670161,Comp909741,0,train
Comp670161,Comp913484,0,train
Comp726518,Comp792259,0,train
Comp726518,Comp866402,0,train
Comp726518,Comp885434,0,train
Comp726518,Comp909741,0,train
Comp736102,Comp792259,0,train
Comp736102,Comp885434,0,train
Comp792259,Comp847595,0,train
Comp792259,Comp885434,0,train
Comp792259,Comp909741,0,train
Comp792259,Comp913484,0,train
Comp847595,Comp885434,0,train
Comp847595,Comp909741,0,train
Comp847595,Comp913484,0,train
Comp866402,Comp885434,0,train
Comp866402,Comp913484,0,train
Comp885434,Comp909741,0,train
Comp909741,Comp913484,0,train
Comp028449,Comp219500,1,train
Comp028449,Comp294789,1,train
Comp028449,Comp352127,1,train
Comp028449,Comp913484,1,train
Comp035692,Comp370168,1,train
Comp035692,Comp726518,1,train
Comp035692,Comp736102,1,train
Comp035692,Comp847595,1,train
Comp044772,Comp296454,1,train
Comp044772,Comp383082,1,train
Comp044772,Comp866402,1,train
Comp044772,Comp909741,1,train
Comp219500,Comp294789,1,train
Comp219500,Comp352127,1,train
Comp219500,Comp913484,1,train
Comp237391,Comp327612,1,train
Comp237391,Comp444929,1,train
Comp237391,Comp511892,1,train
Comp237391,Comp616737,1,train
Comp275646,Comp281064,1,train
Comp275646,Comp343771,1,train
Comp275646,Comp387111,1,train
Comp275646,Comp885434,1,train
Comp281064,Comp343771,1,train
Comp281064,Comp387111,1,train
Comp281064,Comp885434,1,train
Comp294789,Comp352127,1,train
Comp294789,Comp913484,1,train
Comp296454,Comp383082,1,train
Comp296454,Comp866402,1,train
Comp296454,Comp909741,1,train
Comp324928,Comp440680,1,train
Comp324928,Comp488362,1,train
Comp324928,Comp670161,1,train
Comp324928,Comp792259,1,train
Comp327612,Comp444929,1,train
Comp327612,Comp511892,1,train
Comp327612,Comp616737,1,train
Comp343771,Comp387111,1,train
Comp343771,Comp885434,1,train
Comp352127,Comp913484,1,train
Comp370168,Comp726518,1,train
Comp370168,Comp736102,1,train
Comp370168,Comp847595,1,train
Comp383082,Comp866402,1,train
Comp383082,Comp909741,1,train
Comp387111,Comp885434,1,train
Comp440680,Comp488362,1,train
Comp440680,Comp670161,1,train
Comp440680,Comp792259,1,train
Comp444929,Comp511892,1,train
Comp444929,Comp616737,1,train
Comp488362,Comp670161,1,train
Comp488362,Comp792259,1,train
Comp511892,Comp616737,1,train
Comp670161,Comp792259,1,train
Comp726518,Comp736102,1,train
Comp726518,Comp847595,1,train
Comp736102,Comp847595,1,train
Comp866402,Comp909741,1,train
