device,role
Comp0060,workstation
Comp0022,workstation
Comp0057,workstation
Comp0019,workstation
Comp0034,workstation
Comp0043,workstation
Comp0051,workstation
Comp0028,workstation
DC0001,domain_controller
Comp0072,workstation
Comp0003,workstation
Comp0026,workstation
Comp0025,workstation
Comp0053,workstation
Web0002,web_server
Proxy0002,proxy
Comp0052,workstation
Comp0062,workstation
Comp0005,workstation
Mail0002,mail_server
FS0001,file_server
Comp0038,workstation
Comp0029,workstation
Web0001,web_server
Comp0008,workstation
Comp0058,workstation
Comp0080,workstation
Comp0027,workstation
Comp0077,workstation
Comp0079,workstation
Comp0039,workstation
Comp0001,workstation
DB0001,db_server
Comp0047,workstation
Comp0011,workstation
Comp0030,workstation
Comp0071,workstation
Comp0046,workstation
Comp0018,workstation
Comp0040,workstation
DNS0002,dns_server
Comp0041,workstation
DB0004,db_server
Comp0006,workstation
Comp0069,workstation
Comp0002,workstation
FS0002,file_server
Web0005,web_server
Comp0064,workstation
Comp0004,workstation
Web0004,web_server
DC0002,domain_controller
Comp0021,workstation
DB0002,db_server
Comp0044,workstation
Comp0074,workstation
Comp0033,workstation
Comp0076,workstation
Comp0024,workstation
FS0003,file_server
Comp0070,workstation
Comp0016,workstation
Comp0049,workstation
Comp0056,workstation
Comp0061,workstation
Comp0010,workstation
Comp0063,workstation
Comp0032,workstation
Comp0073,workstation
Comp0017,workstation
Comp0045,workstation
Web0003,web_server
Comp0068,workstation
Comp0035,workstation
Comp0031,workstation
Comp0059,workstation
Comp0075,workstation
DB0003,db_server
Proxy0001,proxy
Comp0055,workstation
Comp0050,workstation
Comp0007,workstation
DNS0001,dns_server
Comp0012,workstation
Web0006,web_server
Comp0042,workstation
Comp0023,workstation
Comp0020,workstation
Comp0036,workstation
Comp0065,workstation
Comp0048,workstation
Comp0013,workstation
Comp0054,workstation
Comp0015,workstation
Comp0014,workstation
Comp0067,workstation
Comp0037,workstation
Mail0001,mail_server
Comp0066,workstation
Comp0078,workstation
Comp0009,workstation
